{"cameraMode":{"drawMode":0,"name":"Shaded","section":"Shading Mode"},"sceneLighting":true,"audioPlay":false,"sceneViewState":{"m_AlwaysRefresh":false,"showFog":true,"showSkybox":true,"showFlares":true,"showImageEffects":true,"showParticleSystems":true,"showVisualEffectGraphs":true,"m_FxEnabled":true},"in2DMode":false,"pivot":{"x":-22.301536560058595,"y":0.5778923034667969,"z":10.901232719421387},"rotation":{"x":0.3093028664588928,"y":-0.037955012172460559,"z":0.012324790470302105,"w":0.9501520395278931},"size":12.779509544372559,"orthographic":false}